INSERT INTO `学院` (`学院号`, `学院名`) VALUES
(1, '王者荣耀'),
(2, '英雄联盟'),
(3, '绝地求生');

INSERT INTO `专业` (`专业号`, `学院号`, `专业名`) VALUES
(1, 1, '打野'),
(2, 1, '上单'),
(3, 1, '辅助'),
(4, 1, '带线'),
(5, 2, '跑毒'),
(6, 2, '修脚'),
(7, 2, '拉枪线'),
(8, 2, '封烟'),
(9, 2, '机瞄'),
(10, 3, 'AD'),
(11, 3, 'AP'),
(12, 3, 'AOE'),
(13, 3, 'ADC');

INSERT INTO `班级` (`班级号`, `专业号`, `班级名`) VALUES
(1, 1, 'QWE'),
(2, 1, 'WER'),
(3, 2, 'ERT'),
(4, 2, 'RTY'),
(5, 3, 'TYU'),
(6, 3, 'YUI'),
(7, 4, 'UIO'),
(8, 4, 'IOP'),
(9, 5, 'LKJ'),
(10, 5, 'KJH'),
(11, 6, 'JGH'),
(12, 6, 'HGF'),
(13, 7, 'GFD'),
(14, 7, 'FDS'),
(15, 8, 'DSA'),
(16, 8, 'ZXC'),
(17, 9, 'XCV'),
(18, 9, 'CVB'),
(19, 10, 'VBN'),
(20, 10, 'BNM'),
(21, 11, 'QAZ'),
(22, 11, 'XSW'),
(23, 12, 'EEDC'),
(24, 12, 'RRRR'),
(25, 13, 'TGBB'),
(26, 13, 'NHY');

INSERT INTO `开课` (`课程编号`, `课程代码`, `课程性质`, `课程名称`, `课程归属`, `学分`, `开课学院`) VALUES
(100, 'T0000001', NULL, 'OVERLOAD', NULL, 3.5, 1),
(101, 'T0000002', NULL, '七星的昴星团', NULL, 3.5, 3),
(102, 'T0000003', NULL, '杀戮天使', NULL, 2.5, 3),
(103, 'T0000004', NULL, 'OVERLOAD', NULL, 4.5, 3),
(104, 'T0000005', NULL, '高分少女', NULL, 3.5, 1),
(105, 'T0000006', NULL, 'OVERLOAD', NULL, 2, 1),
(106, 'T0000007', NULL, '高分少女', NULL, 5.5, 2),
(107, 'T0000008', NULL, 'ISLAND', NULL, 5.5, 3),
(108, 'T0000009', NULL, 'OVERLOAD', NULL, 5.5, 2),
(109, 'T0000010', NULL, '高分少女', NULL, 5.5, 1),
(110, 'T0000011', NULL, 'ISLAND', NULL, 4, 2),
(111, 'T0000012', NULL, '杀戮天使', NULL, 5, 2),
(112, 'T0000013', NULL, '七星的昴星团', NULL, 3.5, 3),
(113, 'T0000014', NULL, 'ISLAND', NULL, 6, 2),
(114, 'T0000015', NULL, '杀戮天使', NULL, 2, 1),
(115, 'T0000016', NULL, 'OVERLOAD', NULL, 6, 3),
(116, 'T0000017', NULL, '摇曳庄的由乃小姐', NULL, 2.5, 1),
(117, 'T0000018', NULL, 'OVERLOAD', NULL, 6, 1),
(118, 'T0000019', NULL, '摇曳庄的由乃小姐', NULL, 3, 1),
(119, 'T0000020', NULL, '进击的巨人', NULL, 6, 3),
(120, 'T0000021', NULL, '杀戮天使', NULL, 4.5, 2),
(121, 'T0000022', NULL, 'ISLAND', NULL, 4.5, 1),
(122, 'T0000023', NULL, '杀戮天使', NULL, 0.5, 3),
(123, 'T0000024', NULL, 'ISLAND', NULL, 1.5, 1),
(124, 'T0000025', NULL, '七星的昴星团', NULL, 2.5, 1),
(125, 'T0000026', NULL, 'OVERLOAD', NULL, 1, 3),
(126, 'T0000027', NULL, 'ISLAND', NULL, 1, 1),
(127, 'T0000028', NULL, '杀戮天使', NULL, 2.5, 2),
(128, 'T0000029', NULL, 'ISLAND', NULL, 0.5, 2),
(129, 'T0000030', NULL, '杀戮天使', NULL, 5, 1),
(130, 'T0000031', NULL, '摇曳庄的由乃小姐', NULL, 2.5, 1),
(131, 'T0000032', NULL, 'OVERLOAD', NULL, 1, 2),
(132, 'T0000033', NULL, '杀戮天使', NULL, 0.5, 3),
(133, 'T0000034', NULL, '进击的巨人', NULL, 0.5, 3),
(134, 'T0000035', NULL, '高分少女', NULL, 6, 3),
(135, 'T0000036', NULL, '高分少女', NULL, 3, 3),
(136, 'T0000037', NULL, '进击的巨人', NULL, 5, 1),
(137, 'T0000038', NULL, 'OVERLOAD', NULL, 6, 2),
(138, 'T0000039', NULL, '摇曳庄的由乃小姐', NULL, 2, 1),
(139, 'T0000040', NULL, '摇曳庄的由乃小姐', NULL, 3, 2),
(140, 'T0000041', NULL, 'ISLAND', NULL, 1.5, 3),
(141, 'T0000042', NULL, '摇曳庄的由乃小姐', NULL, 2.5, 2),
(142, 'T0000043', NULL, '高分少女', NULL, 2, 3),
(143, 'T0000044', NULL, '进击的巨人', NULL, 4, 1),
(144, 'T0000045', NULL, '摇曳庄的由乃小姐', NULL, 2.5, 3),
(145, 'T0000046', NULL, '摇曳庄的由乃小姐', NULL, 6, 3),
(146, 'T0000047', NULL, '高分少女', NULL, 2.5, 3),
(147, 'T0000048', NULL, '摇曳庄的由乃小姐', NULL, 5.5, 3),
(148, 'T0000049', NULL, 'OVERLOAD', NULL, 2, 2),
(149, 'T0000050', NULL, '杀戮天使', NULL, 5, 1),
(150, 'T0000051', NULL, '杀戮天使', NULL, 0.5, 2),
(151, 'T0000052', NULL, 'ISLAND', NULL, 4.5, 2),
(152, 'T0000053', NULL, '杀戮天使', NULL, 1, 3),
(153, 'T0000054', NULL, '高分少女', NULL, 1.5, 1),
(154, 'T0000055', NULL, '七星的昴星团', NULL, 6, 1),
(155, 'T0000056', NULL, '杀戮天使', NULL, 5, 3),
(156, 'T0000057', NULL, 'ISLAND', NULL, 2, 3),
(157, 'T0000058', NULL, '杀戮天使', NULL, 4, 1),
(158, 'T0000059', NULL, '高分少女', NULL, 1.5, 3),
(159, 'T0000060', NULL, '进击的巨人', NULL, 6, 3),
(160, 'T0000061', NULL, 'OVERLOAD', NULL, 1, 1),
(161, 'T0000062', NULL, 'OVERLOAD', NULL, 6, 1),
(162, 'T0000063', NULL, '进击的巨人', NULL, 4.5, 3),
(163, 'T0000064', NULL, 'ISLAND', NULL, 5, 1),
(164, 'T0000065', NULL, 'OVERLOAD', NULL, 3, 1),
(165, 'T0000066', NULL, '摇曳庄的由乃小姐', NULL, 2, 2),
(166, 'T0000067', NULL, '高分少女', NULL, 6, 3),
(167, 'T0000068', NULL, 'ISLAND', NULL, 2, 1),
(168, 'T0000069', NULL, '摇曳庄的由乃小姐', NULL, 3, 3),
(169, 'T0000070', NULL, '七星的昴星团', NULL, 3.5, 2),
(170, 'T0000071', NULL, '摇曳庄的由乃小姐', NULL, 4, 1),
(171, 'T0000072', NULL, 'OVERLOAD', NULL, 4, 3),
(172, 'T0000073', NULL, '高分少女', NULL, 3.5, 1),
(173, 'T0000074', NULL, '摇曳庄的由乃小姐', NULL, 4.5, 3),
(174, 'T0000075', NULL, '杀戮天使', NULL, 1, 3),
(175, 'T0000076', NULL, 'ISLAND', NULL, 3, 1),
(176, 'T0000077', NULL, '杀戮天使', NULL, 6, 2),
(177, 'T0000078', NULL, 'ISLAND', NULL, 0.5, 3),
(178, 'T0000079', NULL, '七星的昴星团', NULL, 0.5, 2),
(179, 'T0000080', NULL, '进击的巨人', NULL, 5.5, 1),
(180, 'T0000081', NULL, 'OVERLOAD', NULL, 4, 1),
(181, 'T0000082', NULL, '摇曳庄的由乃小姐', NULL, 3.5, 2),
(182, 'T0000083', NULL, '杀戮天使', NULL, 3, 1),
(183, 'T0000084', NULL, '进击的巨人', NULL, 5.5, 2),
(184, 'T0000085', NULL, '七星的昴星团', NULL, 4, 3),
(185, 'T0000086', NULL, 'OVERLOAD', NULL, 6, 3),
(186, 'T0000087', NULL, '摇曳庄的由乃小姐', NULL, 5.5, 3),
(187, 'T0000088', NULL, '摇曳庄的由乃小姐', NULL, 6, 2),
(188, 'T0000089', NULL, 'OVERLOAD', NULL, 5.5, 2),
(189, 'T0000090', NULL, '杀戮天使', NULL, 5.5, 1),
(190, 'T0000091', NULL, 'OVERLOAD', NULL, 1.5, 3),
(191, 'T0000092', NULL, 'ISLAND', NULL, 4.5, 2),
(192, 'T0000093', NULL, '杀戮天使', NULL, 2, 2),
(193, 'T0000094', NULL, 'OVERLOAD', NULL, 2, 3),
(194, 'T0000095', NULL, 'OVERLOAD', NULL, 3.5, 3),
(195, 'T0000096', NULL, '摇曳庄的由乃小姐', NULL, 2, 1),
(196, 'T0000097', NULL, 'ISLAND', NULL, 5, 3),
(197, 'T0000098', NULL, 'ISLAND', NULL, 2, 1),
(198, 'T0000099', NULL, '七星的昴星团', NULL, 1, 2);